{
    "Tolokers-True-False": {
        "max": 0.665956645221121,
        "average": 0.6538381593917363,
        "std_dev": 0.00950961587418537
    }
}